 Name:, Ksenia, Burova, CS420 
 Number of experiments:, 3 


 Experiment #, 1

Combination 1
J1=1.0,J2=0.0,H=0.0,R1=0.0,R2=0.0


Distance(L), Correlation(p), Joint Entropy(H_l), MutualInfo(I_l)

1,0.0,0.0,0.0

2,0.0,0.0,0.0

3,0.0,0.0,0.0

4,0.0,0.0,0.0

5,0.0,0.0,0.0

6,0.0,0.0,0.0

7,0.0,0.0,0.0

8,0.0,0.0,0.0

9,0.0,0.0,0.0

10,0.0,0.0,0.0

11,0.0,0.0,0.0

12,0.0,0.0,0.0

13,0.0,0.0,0.0

14,0.0,0.0,0.0

Entropy(H):,0.0,Lambda:,1.0


Combination 2
J1=1.0,J2=0.0,H=-1.0,R1=1.0,R2=15.0


Distance(L), Correlation(p), Joint Entropy(H_l), MutualInfo(I_l)

1,0.0,0.0,0.0

2,0.0,0.0,0.0

3,0.0,0.0,0.0

4,0.0,0.0,0.0

5,0.0,0.0,0.0

6,0.0,0.0,0.0

7,0.0,0.0,0.0

8,0.0,0.0,0.0

9,0.0,0.0,0.0

10,0.0,0.0,0.0

11,0.0,0.0,0.0

12,0.0,0.0,0.0

13,0.0,0.0,0.0

14,0.0,0.0,0.0

Entropy(H):,0.0,Lambda:,1.0


Combination 3
J1=1.0,J2=0.0,H=-1.0,R1=3.0,R2=15.0


Distance(L), Correlation(p), Joint Entropy(H_l), MutualInfo(I_l)

1,0.0,0.0,0.0

2,0.0,0.0,0.0

3,0.0,0.0,0.0

4,0.0,0.0,0.0

5,0.0,0.0,0.0

6,0.0,0.0,0.0

7,0.0,0.0,0.0

8,0.0,0.0,0.0

9,0.0,0.0,0.0

10,0.0,0.0,0.0

11,0.0,0.0,0.0

12,0.0,0.0,0.0

13,0.0,0.0,0.0

14,0.0,0.0,0.0

Entropy(H):,0.0,Lambda:,1.0


Combination 4
J1=1.0,J2=0.0,H=-2.0,R1=6.0,R2=15.0


Distance(L), Correlation(p), Joint Entropy(H_l), MutualInfo(I_l)

1,0.0,0.0,0.0

2,0.0,0.0,0.0

3,0.0,0.0,0.0

4,0.0,0.0,0.0

5,0.0,0.0,0.0

6,0.0,0.0,0.0

7,0.0,0.0,0.0

8,0.0,0.0,0.0

9,0.0,0.0,0.0

10,0.0,0.0,0.0

11,0.0,0.0,0.0

12,0.0,0.0,0.0

13,0.0,0.0,0.0

14,0.0,0.0,0.0

Entropy(H):,0.0,Lambda:,1.0


 Experiment #, 2

Combination 1
J1=0.0,J2=-0.1,H=0.0,R1=3.0,R2=9.0


Distance(L), Correlation(p), Joint Entropy(H_l), MutualInfo(I_l)

1,0.7695765432098765,0.42801142942067333,0.9553716305466986

2,0.5851456790123457,1.0568127494109611,0.32657031055641084

3,0.4127246913580247,0.8057212425037776,0.5776618174635944

4,0.27014567901234565,1.0935552419498813,0.2898278180174907

5,0.1651320987654321,0.965844470872633,0.41753858909473884

6,0.09477530864197531,1.0649974188844116,0.3183856410829603

7,0.05822486772486772,1.0172610379065707,0.36612202206080124

8,0.046606481481481485,1.0449991156809644,0.3383839442864075

9,0.03494197530864197,1.033748040615484,0.34963501935188807

10,0.026514814814814814,1.0376448307619062,0.3457382292054656

11,0.018353872053872056,1.036719418877248,0.34666364109012393

12,0.015287037037037036,1.0408842735676394,0.34249878639973264

13,0.01961927825261159,1.0307354286931298,0.352647631274242

14,0.028796472663139328,1.0472139109807181,0.3361691489866538

Entropy(H):,0.691691529983686,Lambda:,11.25


Combination 2
J1=0.0,J2=-0.1,H=0.0,R1=1.0,R2=2.0


Distance(L), Correlation(p), Joint Entropy(H_l), MutualInfo(I_l)

1,0.04560987654320986,0.7238789463261731,0.2255932869207207

2,0.04866543209876541,0.7223589519398641,0.22711328130702974

3,0.12338765432098764,0.6687798916056175,0.28069234164127643

4,0.11508456790123459,0.7662348728085195,0.1832373604383744

5,0.01705679012345679,0.7483636295020768,0.20110860374481704

6,0.012614814814814787,0.7458280884732886,0.20364414477360523

7,0.06338765432098764,0.7144615601678456,0.23501067307904833

8,0.010409259259259285,0.7459541575682853,0.2035180756786085

9,0.020995061728395062,0.7493738080125345,0.2000984252343594

10,0.012112345679012357,0.7468505580419402,0.20262167520495358

11,0.013791694725028059,0.7376847713698297,0.2117874618770642

12,0.01539320987654319,0.7379493760585473,0.2115228571883466

13,0.01414738841405512,0.74591120471337,0.20356102853352379

14,0.009516402116402131,0.7430816210646247,0.20639061218226912

Entropy(H):,0.47473611662344695,Lambda:,8.25


Combination 3
J1=0.0,J2=-0.1,H=-2.0,R1=1.0,R2=4.0


Distance(L), Correlation(p), Joint Entropy(H_l), MutualInfo(I_l)

1,0.24582222222222222,0.8662356658869554,0.4489292601217985

2,0.1650111111111111,1.0299700721481666,0.2851948538605872

3,0.41082222222222226,0.7374135608182506,0.5777513651905033

4,0.3395944444444444,1.0412263996798912,0.27393852632886273

5,0.15760000000000002,0.9175480617012705,0.39761686430748333

6,0.24584444444444442,1.0387928421708812,0.2763720838378727

7,0.2778063492063492,0.843735289900377,0.4714296361083768

8,0.15903888888888887,1.0278598203708227,0.28730510563793116

9,0.15322962962962963,0.918005636666219,0.39715928934253486

10,0.20156666666666664,1.031352321420882,0.28381260458787183

11,0.15577171717171717,0.9153860324438069,0.399778893564947

12,0.11755740740740739,1.0169462870591042,0.29821863894964984

13,0.13971111111111112,0.9218465757009107,0.39331835030784323

14,0.13759047619047618,1.0186674994204996,0.29649742658825423

Entropy(H):,0.657582463004377,Lambda:,10.0


Combination 4
J1=0.0,J2=-0.1,H=-1.0,R1=1.0,R2=4.0


Distance(L), Correlation(p), Joint Entropy(H_l), MutualInfo(I_l)

1,0.7119530864197531,0.381354805831727,1.0046530951682906

2,0.6805469135802469,0.8742028413196774,0.5118050596803403

3,0.791953086419753,0.3212782475771694,1.064729653422848

4,0.7455469135802469,0.8819671634932807,0.5040407375067368

5,0.645841975308642,0.4334030939892773,0.9526048070107402

6,0.6876765432098765,0.8897571521161612,0.49625074888385623

7,0.7035403880070548,0.4052174947919649,0.9807904062080526

8,0.6252691358024691,0.889488665517941,0.49651923548207655

9,0.6102246913580246,0.46603338619667456,0.9199745148033429

10,0.6348802469135802,0.8944002284047249,0.4916076725952927

11,0.5947813692480359,0.4774509204529217,0.9085569805470959

12,0.5602228395061728,0.8828144504950197,0.5031934505049978

13,0.5736624881291548,0.48866763620128706,0.8973402647987305

14,0.5597532627865961,0.8831550049498648,0.5028528960501527

Entropy(H):,0.6930039505000087,Lambda:,5.25


Combination 5
J1=0.0,J2=-0.1,H=0.0,R1=1.0,R2=4.0


Distance(L), Correlation(p), Joint Entropy(H_l), MutualInfo(I_l)

1,0.0756456790123457,0.6789332442400413,0.1596978945143255

2,0.037034567901234605,0.6738817479558793,0.1647493907984875

3,0.07416913580246909,0.6228933166948922,0.21573782205947453

4,0.06407654320987652,0.6308033797313151,0.20782775902305176

5,0.0775765432098765,0.6197305554601589,0.21890058329420792

6,0.0582382716049383,0.6774555380341539,0.16117560072021278

7,0.029779012345679035,0.6715082902234321,0.1671228485309347

8,0.07321512345679013,0.6797845224050081,0.15884661634935865

9,0.011171604938271573,0.6599817490221029,0.1786493897322638

10,0.014233333333333306,0.6592856249400709,0.17934551381429575

11,0.052940179573512866,0.6385989771886289,0.2000321615657379

12,0.017906172839506143,0.6583886561252323,0.18024248262913442

13,0.017815859449192742,0.6565453670780315,0.18208577167633533

14,0.04167742504409175,0.6745871556721534,0.1640439830822132

Entropy(H):,0.4193155693771834,Lambda:,9.75


Combination 6
J1=0.0,J2=-0.1,H=-5.0,R1=1.0,R2=6.0


Distance(L), Correlation(p), Joint Entropy(H_l), MutualInfo(I_l)

1,0.31145432098765435,0.9874935583060624,0.25511255867239047

2,0.08145432098765434,0.9675899661114187,0.27501615086703435

3,0.16650864197530862,0.8668146842959346,0.37579143268251847

4,0.21229567901234567,0.8368679092250622,0.40573820775339076

5,0.21532345679012344,0.8353652499826841,0.4072408669957689

6,0.038954320987654334,0.9568671715100225,0.2857389454684306

7,0.19478765432098766,0.9847421634853639,0.2578639534930891

8,0.25471820987654326,0.9900072238044371,0.25259889317401596

9,0.062133333333333346,0.9633045521732124,0.2793015648052406

10,0.06985802469135802,0.9167560264829226,0.3258500904955305

11,0.19339416386083053,0.8501576888864713,0.39244842809198166

12,0.16349938271604936,0.8677173728560859,0.3748887441223672

13,0.07495593542260208,0.9139202970854758,0.3286858198929772

14,0.123636860670194,0.9771566841606348,0.2654494328178181

Entropy(H):,0.6213030584892264,Lambda:,8.75


Combination 7
J1=0.0,J2=-0.1,H=-3.0,R1=1.0,R2=6.0


Distance(L), Correlation(p), Joint Entropy(H_l), MutualInfo(I_l)

1,0.4687148148148148,1.087744402199534,0.2983758784715946

2,0.1423259259259259,1.0786594372769538,0.3074608433941749

3,0.21758148148148146,0.9401926145491264,0.44592766612200224

4,0.38920185185185185,0.8262814380700938,0.5598388426010348

5,0.2416185185185185,0.9263338348375584,0.45978644583357026

6,0.032325925925925925,1.050247083723762,0.33587319694736667

7,0.27665132275132276,1.0959979154691704,0.29012236520195844

8,0.3325342592592593,1.0979833688719949,0.2881369117991338

9,0.14939382716049382,1.08012694207631,0.30599333859481875

10,0.09606296296296296,1.0013107518096884,0.38480952886144026

11,0.2854265993265993,0.8979234010797708,0.48819687959135805

12,0.265637037037037,0.9112777958313355,0.4748424848397932

13,0.07842193732193734,1.009274983618715,0.3768452970524137

14,0.14665132275132275,1.0787482150979646,0.307372065573164

Entropy(H):,0.6930601403355643,Lambda:,6.0


Combination 8
J1=0.0,J2=-0.1,H=0.0,R1=1.0,R2=6.0


Distance(L), Correlation(p), Joint Entropy(H_l), MutualInfo(I_l)

1,0.6666654320987654,1.0281831185913068,0.3581100079596663

2,0.46666543209876543,1.0882222620765973,0.2980708644743759

3,0.22222098765432097,1.0918374112368245,0.29445571531414877

4,0.03333456790123456,1.027611382204912,0.35868174434606137

5,0.26755679012345673,0.9107573598753196,0.47553576667565367

6,0.39879753086419756,0.8197300901492373,0.566563036401736

7,0.36182663139329807,0.847352094927313,0.5389410316236602

8,0.21666790123456792,0.9409688417470617,0.44532428480391145

9,0.04444567901234568,1.0233282284346283,0.36296489811634497

10,0.13399876543209877,1.07715480321169,0.30913832333928326

11,0.26600886644219973,1.0961009440685845,0.29019218248238876

12,0.299720987654321,1.0979808936006954,0.28831223295027786

13,0.2558534662867996,1.0952941649302763,0.2909989616206969

14,0.15230035273368608,1.0808602524704076,0.3054328740805656

Entropy(H):,0.6931465632754866,Lambda:,4.0


Combination 9
J1=0.0,J2=-0.1,H=0.0,R1=1.0,R2=9.0


Distance(L), Correlation(p), Joint Entropy(H_l), MutualInfo(I_l)

1,0.7333074074074073,0.9933870663471993,0.3928813687156859

2,0.5896962962962963,1.058378949398131,0.3278894856647543

3,0.3777518518518518,1.0974693755589897,0.2887990595038955

4,0.1910851851851852,1.0875575491683762,0.298710885894509

5,0.01335925925925926,1.0349846212912015,0.3512838137716838

6,0.2079888888888889,0.9458305861640288,0.4404378488988565

7,0.4085973544973545,0.8121172761357038,0.5741511589271815

8,0.45592870370370375,0.7738041879491547,0.6124642471137306

9,0.3628654320987655,0.846576939844774,0.5396914952181113

10,0.24502592592592592,0.9244555834583035,0.4618128516045819

11,0.11502592592592592,0.9932083283480493,0.393060106714836

12,0.029974074074074073,1.049642519813737,0.3366259152491484

13,0.1798031339031339,1.0857650816857334,0.3005033533771517

14,0.3414026455026455,1.0985559887129852,0.2877124463499001

Entropy(H):,0.6931342175314426,Lambda:,5.0


Combination 10
J1=0.0,J2=-0.1,H=0.0,R1=1.0,R2=13.0


Distance(L), Correlation(p), Joint Entropy(H_l), MutualInfo(I_l)

1,0.1434037037037037,1.0500713769271575,0.3355796783237048

2,0.16713456790123454,1.0831647208569466,0.30248633439391565

3,0.06826296296296297,1.0218196259242491,0.3638314293266132

4,0.4098098765432099,0.8104241821323472,0.575226873118515

5,0.07404074074074074,1.021150527358565,0.36450052789229714

6,0.03583827160493827,1.0510480774225894,0.3346029778282725

7,0.0968957671957672,1.0508591452590479,0.3347919099918142

8,0.3119262345679012,1.097356394213568,0.2882946610372941

9,0.05068765432098766,1.0468728188132772,0.3387782364375849

10,0.09647654320987653,1.0010477922398473,0.3846032630110149

11,0.11442457912457912,1.00397170113121,0.3816793541196523

12,0.22457839506172841,0.9351618211348961,0.450489234115966

13,0.025613390313390313,1.034690681998232,0.3509603732526301

14,0.12534885361552028,1.0743991590502788,0.3112518962005833

Entropy(H):,0.6928255276254311,Lambda:,8.75


Combination 11
J1=0.0,J2=-0.1,H=0.0,R1=4.0,R2=5.0


Distance(L), Correlation(p), Joint Entropy(H_l), MutualInfo(I_l)

1,0.3655938271604938,0.7888422872649583,0.23367296062622225

2,0.1825382716049383,0.8233185263696421,0.19919672152153842

3,0.018927160493827144,0.799079993911066,0.22343525398011452

4,0.12010061728395063,0.7321805070538182,0.2903347408373623

5,0.16707283950617285,0.688179111017778,0.3343361368734026

6,0.13440617283950618,0.7208448207483661,0.30167042714281456

7,0.058215696649029994,0.7693067866569102,0.2532084612342703

8,0.02052438271604938,0.8005120867587121,0.22200316113246854

9,0.09047037037037038,0.8167090825160611,0.2058061653751195

10,0.12831604938271607,0.8210394931372047,0.2014757547539759

11,0.1029675645342312,0.8175149327168773,0.2050003151743033

12,0.04272345679012343,0.8051403688196527,0.21737487907152794

13,0.029320702754036088,0.7828171405068984,0.23969810738428216

14,0.0804379188712522,0.7576516998154372,0.2648635480757433

Entropy(H):,0.5112576239455904,Lambda:,6.75


Combination 12
J1=0.0,J2=-0.1,H=-5.0,R1=4.0,R2=7.0


Distance(L), Correlation(p), Joint Entropy(H_l), MutualInfo(I_l)

1,0.5476753086419753,0.9707205549524894,0.3106040008145107

2,0.2923975308641975,1.0193514936192507,0.2619730621477495

3,0.01952716049382717,0.9769346483183119,0.3043899074486882

4,0.20149135802469137,0.8740022272729295,0.4073223284940707

5,0.2898802469135802,0.8122594236284552,0.46906513213854495

6,0.2849172839506173,0.8161639476127841,0.4651606081542161

7,0.14089611992945328,0.908754533622718,0.37257002214428225

8,0.03399475308641976,0.9813198891912558,0.30000466657574426

9,0.20452716049382716,1.0157168945953572,0.2656076611716429

10,0.326841975308642,1.0152584002533183,0.26606615551368196

11,0.25590763187429855,1.0189730627817064,0.26235149298529387

12,0.11262901234567901,1.0016457644189094,0.2796787913480908

13,0.06758110161443495,0.9440953232407503,0.3372292325262499

14,0.22748342151675482,0.8570164079152982,0.42430814785170196

Entropy(H):,0.6406622778835,Lambda:,4.25


Combination 13
J1=0.0,J2=-0.1,H=-3.0,R1=4.0,R2=7.0


Distance(L), Correlation(p), Joint Entropy(H_l), MutualInfo(I_l)

1,0.5999679012345679,1.0549001059223402,0.33136215608866504

2,0.3913567901234568,1.0966462182881351,0.28961604372287003

3,0.06663456790123456,1.0605717118877953,0.3256905501232098

4,0.20864320987654322,0.945445338544225,0.44081692346678025

5,0.487920987654321,0.7460529256127578,0.6402093363982474

6,0.34179135802469135,0.8616165587537175,0.5246457032572879

7,0.1830479717813051,0.9593489330214542,0.4269133289895512

8,0.04163456790123457,1.0532467674977344,0.33301549451327095

9,0.26107901234567904,1.0956363659006372,0.2906258961103681

10,0.457579012345679,1.0886102944480192,0.2976519675629861

11,0.32542244668911335,1.0984854341273782,0.28777682788362696

12,0.14274567901234567,1.0788144048577597,0.30744785715324563

13,0.06157056030389364,1.0164089256642774,0.36985333634672796

14,0.27911940035273364,0.9033599782846354,0.4829022837263699

Entropy(H):,0.6931311310055027,Lambda:,8.0


Combination 14
J1=0.0,J2=-0.1,H=0.0,R1=4.0,R2=7.0


Distance(L), Correlation(p), Joint Entropy(H_l), MutualInfo(I_l)

1,0.7377617283950617,0.9907304054109014,0.3955479062764836

2,0.5708172839506173,1.0640602580356502,0.3222180536517347

3,0.3636876543209876,1.0979628691171452,0.28831544257023967

4,0.17123395061728397,1.084117226572129,0.3021610851152561

5,0.020349382716049386,1.0324251625699128,0.3538531491174723

6,0.19270123456790125,0.9541044344705202,0.43217387721686473

7,0.3517620811287478,0.8526749959004221,0.5336033157869631

8,0.40612716049382713,0.8124516325964329,0.5738266790909521

9,0.34631234567901237,0.8583006000710611,0.5279777116163239

10,0.24318271604938269,0.9255593001090312,0.46071901157835377

11,0.11552109988776657,0.9929857289908961,0.3932925826964889

12,0.027669135802469134,1.0489102738090086,0.33736803787837655

13,0.1647275403608737,1.083058649086028,0.30321966260135713

14,0.29510299823633157,1.096570179423627,0.2897081322637582

Entropy(H):,0.6931391558436925,Lambda:,8.5


Combination 15
J1=0.0,J2=-0.1,H=0.0,R1=4.0,R2=12.0


Distance(L), Correlation(p), Joint Entropy(H_l), MutualInfo(I_l)

1,0.6766790123456791,0.8775512183075822,0.3821177182719927

2,0.5550123456790124,0.9459652688569995,0.3137036677225755

3,0.41612345679012347,0.9892102230009059,0.27045871357866913

4,0.28862345679012347,1.0030540950114095,0.25661484156816544

5,0.16634567901234565,0.9960026879336781,0.2636662486458968

6,0.05436419753086418,0.972937303936761,0.28673163264281387

7,0.05046384479717814,0.9368414464041559,0.322827490175419

8,0.14214043209876545,0.8929980373470918,0.3666708992324832

9,0.21486419753086422,0.8490204968787154,0.41064843970085946

10,0.24537654320987654,0.8277937552071414,0.4318751813724336

11,0.2310482603815937,0.8380629845995057,0.42160595198006934

12,0.17887654320987656,0.8719243456375286,0.38774459094204633

13,0.12037226970560304,0.9045297629726702,0.3551391736069047

14,0.06117813051146385,0.9323450839562916,0.3273238526232834

Entropy(H):,0.6298344682897875,Lambda:,6.5


Combination 16
J1=0.0,J2=-0.1,H=-6.0,R1=9.0,R2=12.0


Distance(L), Correlation(p), Joint Entropy(H_l), MutualInfo(I_l)

1,0.7748,0.9398348748040095,0.42505871643327275

2,0.6417444444444445,1.0168867361685618,0.34800685506872053

3,0.4898,1.0655292674224297,0.29936432381485256

4,0.3332722222222222,1.0823963635403193,0.2824972276969631

5,0.1856888888888889,1.0719632369714942,0.29293035426578806

6,0.03878148148148148,1.0383265459797224,0.3265670452575599

7,0.0913111111111111,0.9896653023944451,0.37522828884283727

8,0.20492222222222223,0.9324222275923265,0.4324713636449558

9,0.28402716049382715,0.8840351579274077,0.4808584333098745

10,0.30670000000000003,0.8687522330888325,0.49614135814844984

11,0.2843414141414141,0.8835909343809978,0.4813026568562845

12,0.22464444444444448,0.9206284214376879,0.4442651697995946

13,0.14891794871794872,0.9619738534132657,0.4029197378240167

14,0.06904920634920636,0.9989716269191937,0.3659219643180887

Entropy(H):,0.6824467956186411,Lambda:,6.0


Combination 17
J1=0.0,J2=-0.1,H=-3.0,R1=9.0,R2=12.0


Distance(L), Correlation(p), Joint Entropy(H_l), MutualInfo(I_l)

1,0.7999876543209876,0.9489085771611411,0.43737343824518926

2,0.6666543209876543,1.0281764518956689,0.3581055635106616

3,0.5248024691358024,1.0767343793246877,0.30954763608164276

4,0.36526543209876544,1.0980232839124522,0.2882587314938783

5,0.21298765432098765,1.0906713718895185,0.295610643516812

6,0.05933950617283951,1.0585148690982515,0.32776714630807885

7,0.09532980599647267,1.0021229879997517,0.38415902740657865

8,0.22667901234567903,0.9352310446669199,0.45105097073941053

9,0.3090864197530864,0.8840313467406193,0.5022506686657111

10,0.3320679012345679,0.8684291414747516,0.517852873931579

11,0.31334567901234567,0.8811841826088468,0.5050978327974838

12,0.26167901234567903,0.9143787594733607,0.4719032559329697

13,0.18774738841405508,0.9569100344419605,0.42937198096436996

14,0.0957663139329806,1.0019230975170919,0.3843589178892387

Entropy(H):,0.6931410077031652,Lambda:,6.0


 Experiment #, 3

Combination 1
J1=1.0,J2=-0.1,H=0.0,R1=9.0,R2=12.0


Distance(L), Correlation(p), Joint Entropy(H_l), MutualInfo(I_l)

1,0.13640246913580248,0.9806414085980016,0.4020260086671307

2,0.32445802469135804,0.8707163406506684,0.511951076614464

3,0.1389679012345679,1.075721361065863,0.3069460561992694

4,0.1954030864197531,1.0855782494296655,0.297089167835467

5,0.12962469135802468,0.9837937225811105,0.3988736946840219

6,0.10371728395061727,0.9958091020596006,0.3868583152055317

7,0.10185149911816578,1.0671471512010524,0.31552026606407996

8,0.04706975308641975,1.0524488791573086,0.33021853810782376

9,0.07078518518518519,1.0099800385653128,0.37268737869981955

10,0.018958024691358023,1.030544125106974,0.3521232921581583

11,0.047132884399551066,1.0523240047089515,0.3303434125561807

12,0.010171604938271605,1.0403542032861774,0.34231321397895476

13,0.03627426400759734,1.0239512947447478,0.35871612252038465

14,0.008505643738977072,1.0362040176864946,0.3464633995786376

Entropy(H):,0.6913337086325662,Lambda:,12.75


Combination 2
J1=1.0,J2=-0.1,H=0.0,R1=1.0,R2=3.0


Distance(L), Correlation(p), Joint Entropy(H_l), MutualInfo(I_l)

1,0.3360950617283951,1.0035002950498624,0.25967375055548203

2,0.056372839506172834,0.9758782236304626,0.2872958219748819

3,0.1720530864197531,0.8785674885746302,0.38460655703071434

4,0.22279382716049384,0.8464653365719845,0.4167087090333599

5,0.2509049382716049,0.8266791375497222,0.4364949080556223

6,0.01628024691358024,0.9638523600916289,0.2993216855137155

7,0.2805395061728395,1.0059916235540314,0.25718242205131303

8,0.3220672839506173,1.004533287815883,0.25864075778946133

9,0.06189753086419752,0.9773872461381596,0.2857867994671848

10,0.15190493827160495,0.8901225789005291,0.37305146670481537

11,0.21339988776655444,0.8527474539703022,0.4104265916350422

12,0.22293271604938272,0.846370905656364,0.4168031399489804

13,0.1077510921177588,0.9133113636514469,0.3498626819538975

14,0.1613331569664903,0.9978388783021128,0.2653351673032317

Entropy(H):,0.6315870228026722,Lambda:,6.0


Combination 3
J1=1.0,J2=-0.1,H=-3.0,R1=1.0,R2=6.0


Distance(L), Correlation(p), Joint Entropy(H_l), MutualInfo(I_l)

1,0.11726913580246914,0.6781815537721283,0.1555454726468347

2,0.018380246913580284,0.6658390927330364,0.1678879336859266

3,0.06810123456790122,0.6241599495242736,0.2095670768946894

4,0.07203641975308642,0.6208145724056493,0.21291245401331368

5,0.06939753086419752,0.6230582369489917,0.2106687894699714

6,0.02754691358024694,0.6683155008328596,0.16541152558610328

7,0.054650088183421514,0.6737811928270221,0.15994583359194092

8,0.05976913580246915,0.6745695291790511,0.1591574972399119

9,0.011960493827160468,0.6640437943491786,0.16968323206978445

10,0.019008641975308632,0.6526994929623567,0.18102753345660624

11,0.04273086419753086,0.6409710971135687,0.19275592930539429

12,0.029999382716049378,0.6477287702089185,0.1859982562100445

13,0.008030009496676163,0.6572973935974744,0.17642963282148855

14,0.019054850088183417,0.665991986425399,0.16773503999356404

Entropy(H):,0.41686351320948145,Lambda:,12.0


Combination 4
J1=1.0,J2=-0.1,H=-5.0,R1=1.0,R2=6.0


Distance(L), Correlation(p), Joint Entropy(H_l), MutualInfo(I_l)

1,0.47202592592592596,1.0871528162565975,0.29894524173512366

2,0.1409148148148148,1.0783957344997754,0.30770232349194576

3,0.21223333333333333,0.9432172403556044,0.4428808176361168

4,0.387974074074074,0.8277652235083337,0.5583328344833876

5,0.24286296296296295,0.925543453021721,0.4605546049700002

6,0.031498765432098765,1.04931998315675,0.3367780748349713

7,0.2696449735449736,1.0959147862111693,0.29018327178055175

8,0.3275120370370371,1.0983994240000572,0.28769863399166407

9,0.1535074074074074,1.0808170775476864,0.30528098044403484

10,0.09186296296296298,1.0031075014090733,0.38299055658264775

11,0.27554983164983166,0.9050853558052949,0.48101270218642617

12,0.26292777777777776,0.9134353050547164,0.4726627529370047

13,0.08002535612535613,1.0084666338113688,0.37763142418035234

14,0.1384941798941799,1.077354035055023,0.30874402293669817

Entropy(H):,0.6930490289958606,Lambda:,6.0


Combination 5
J1=1.0,J2=-0.1,H=0.0,R1=1.0,R2=6.0


Distance(L), Correlation(p), Joint Entropy(H_l), MutualInfo(I_l)

1,0.0,0.0,0.0

2,0.0,0.0,0.0

3,0.0,0.0,0.0

4,0.0,0.0,0.0

5,0.0,0.0,0.0

6,0.0,0.0,0.0

7,0.0,0.0,0.0

8,0.0,0.0,0.0

9,0.0,0.0,0.0

10,0.0,0.0,0.0

11,0.0,0.0,0.0

12,0.0,0.0,0.0

13,0.0,0.0,0.0

14,0.0,0.0,0.0

Entropy(H):,0.0,Lambda:,1.0


Combination 6
J1=1.0,J2=-0.1,H=-2.0,R1=1.0,R2=2.0


Distance(L), Correlation(p), Joint Entropy(H_l), MutualInfo(I_l)

1,0.1828950617283951,0.9020657477991908,0.4081359805640702

2,0.08904938271604938,1.0124237944850698,0.2977779338781912

3,0.37196913580246915,0.7689971631355158,0.5412045652277453

4,0.2998827160493827,1.038991850173932,0.27120987818932923

5,0.09088518518518518,0.953751714639555,0.35645001372370605

6,0.17997530864197528,1.0299617314663334,0.2802399968969275

7,0.24479982363315694,0.8641764869396253,0.4460252414236358

8,0.10071604938271604,1.013345512807186,0.296856215556075

9,0.08793456790123458,0.9510757030696207,0.35912602529364035

10,0.1597716049382716,1.0256837626468966,0.28451796571636445

11,0.11122839506172838,0.9358713992506594,0.37433032911260167

12,0.09055555555555557,1.0007911959350269,0.30941053242823413

13,0.09842364672364673,0.9460750187029159,0.36412670966034505

14,0.10053544973544973,1.0098363935486159,0.3003653348146451

Entropy(H):,0.6551008641816305,Lambda:,5.75


Combination 7
J1=1.0,J2=-0.1,H=-1.0,R1=1.0,R2=4.0


Distance(L), Correlation(p), Joint Entropy(H_l), MutualInfo(I_l)

1,0.01058148148148147,0.33104541631394285,0.07403072079886401

2,0.01058148148148147,0.33104541631394285,0.07403072079886401

3,0.01058148148148147,0.331045416313943,0.07403072079886389

4,0.01058148148148147,0.33104541631394285,0.07403072079886401

5,0.012085185185185199,0.34019799082075014,0.06487814629205674

6,0.005251851851851841,0.33898293002757596,0.0660932070852309

7,9.208112874779517E-4,0.3375101444692729,0.06756599264353394

8,0.002279938271604942,0.33694847027811325,0.06812766683469362

9,0.004346913580246914,0.3356823012326683,0.06939383588013862

10,0.0010419753086420014,0.3376116928527547,0.0674644442600522

11,0.0011177328843995638,0.3377489778738522,0.06732715923895465

12,9.493827160493851E-4,0.3375732261231763,0.06750291098963056

13,0.0022817663817664147,0.3377456933707614,0.06733044374204547

14,6.821869488535526E-4,0.3376565345880156,0.06741960252479126

Entropy(H):,0.20253806855640344,Lambda:,13.25


Combination 8
J1=1.0,J2=-0.1,H=-4.0,R1=1.0,R2=5.0


Distance(L), Correlation(p), Joint Entropy(H_l), MutualInfo(I_l)

1,0.22905555555555554,0.9911950240222713,0.2535576058961251

2,0.056222222222222215,0.9243764768654652,0.3203761530529312

3,0.21594444444444444,0.8368718642932063,0.4078807656251902

4,0.20330555555555554,0.8453188518979653,0.3994337780204311

5,0.059611111111111115,0.9642834544453281,0.2804691754730683

6,0.21951851851851853,0.9901867091011914,0.2545659208172051

7,0.12199206349206348,0.978419196806604,0.2663334331117924

8,0.032611111111111105,0.933763862355898,0.3109887675624985

9,0.13693209876543208,0.8849399426054354,0.359812687312961

10,0.12205555555555556,0.8929605932706297,0.35179203664776676

11,0.023002805836139173,0.950797861698792,0.29395476821960453

12,0.10599999999999998,0.9744237431519709,0.2703288867664256

13,0.0767051282051282,0.9683620852942679,0.27639054462412854

14,0.02517901234567901,0.9462699289348893,0.29848270098350727

Entropy(H):,0.6223763149591983,Lambda:,12.5


Combination 9
J1=1.0,J2=-0.1,H=-2.0,R1=1.0,R2=5.0


Distance(L), Correlation(p), Joint Entropy(H_l), MutualInfo(I_l)

1,0.3680123456790123,1.0975482925210376,0.2884250627292553

2,0.02285679012345679,1.0326046624040142,0.3533686928462786

3,0.3599506172839506,0.8482979677295187,0.537675387520774

4,0.27615432098765436,0.9048797004913569,0.48109365475893584

5,0.04157777777777778,1.0502883910309917,0.335684964219301

6,0.2788456790123457,1.0963382796550325,0.2896350755952603

7,0.2581710758377425,1.0949012540558933,0.2910721011943993

8,0.05348179012345679,1.0403677170542032,0.3456056381960896

9,0.20643209876543211,0.9455145117564596,0.440458843493833

10,0.2187098765432099,0.9393318469471099,0.4466415083031828

11,0.06426442199775534,1.0224523187018693,0.3635210365484235

12,0.14111419753086418,1.0766021579034215,0.3093711973468712

13,0.1711747388414055,1.0840248600559164,0.30194849519437633

14,0.06710282186948854,1.0531816314000124,0.3327917238502804

Entropy(H):,0.6929866776251464,Lambda:,8.0


Combination 10
J1=1.0,J2=-0.1,H=0.0,R1=1.0,R2=5.0


Distance(L), Correlation(p), Joint Entropy(H_l), MutualInfo(I_l)

1,0.22713456790123457,0.9722413110555603,0.2470289835323802

2,0.05008765432098766,0.9097028810291242,0.30956741355881634

3,0.2017543209876543,0.826886185826561,0.39238410876137947

4,0.20383765432098766,0.8253634455304233,0.3939068490575172

5,0.03902345679012346,0.9412965682353187,0.27797372635262185

6,0.214079012345679,0.9708019331390007,0.2484683614489398

7,0.136579012345679,0.9632326865451419,0.2560376080427986

8,0.02402222222222222,0.9206696501637424,0.2986006444241982

9,0.13095185185185185,0.8703772667877512,0.34889302780018927

10,0.1335320987654321,0.8689009245927642,0.3503693699951763

11,0.03237856341189675,0.9245988369304876,0.2946714576574529

12,0.10625493827160493,0.9562248847547136,0.263045409833227

13,0.0998696106362773,0.9563736750155051,0.2628966195724355

14,0.04024409171075838,0.9328481078263787,0.28642218676156184

Entropy(H):,0.6096351472939703,Lambda:,8.75


Combination 11
J1=1.0,J2=-0.1,H=2.0,R1=1.0,R2=5.0


Distance(L), Correlation(p), Joint Entropy(H_l), MutualInfo(I_l)

1,0.155958024691358,0.8087896590307652,0.1950304238858293

2,0.04570864197530865,0.7625021048462507,0.2413179780703438

3,0.13293086419753086,0.7068015795589853,0.29701850335760915

4,0.11334753086419755,0.7226090063040933,0.2812110766125012

5,0.0338469135802469,0.7910134904184863,0.21280659249810813

6,0.12253209876543208,0.8068801974592588,0.19693988545733562

7,0.06619611992945325,0.7987869974781825,0.20503308543841206

8,0.024335802469135817,0.7715716629928162,0.23224841992377843

9,0.07570864197530866,0.7459675199445287,0.25785256297206577

10,0.06176419753086421,0.7541649611264533,0.24965512179014124

11,0.02586621773288439,0.7849021963191918,0.21891788659740263

12,0.06382839506172838,0.797577391855758,0.20624269106083642

13,0.0410434947768281,0.7929727534867997,0.21084732942979476

14,0.02600246913580248,0.7754472348913928,0.22837284802520164

Entropy(H):,0.5019100414582973,Lambda:,11.5


Combination 12
J1=1.0,J2=-0.1,H=-3.0,R1=1.0,R2=5.0


Distance(L), Correlation(p), Joint Entropy(H_l), MutualInfo(I_l)

1,0.6666506172839506,1.0281742296181364,0.35810408202047445

2,0.46665061728395063,1.0882121609428195,0.29806615069579134

3,0.22220617283950617,1.0918252898109866,0.2944530218276241

4,0.03334938271604938,1.0275960561024275,0.35868225553618327

5,0.2696827160493827,0.9094203118087162,0.47685799982989463

6,0.39668271604938277,0.8213360333607835,0.5649422782778272

7,0.360968430335097,0.8479614008482955,0.5383169107903152

8,0.21668271604938272,0.94094992840566,0.44532838323295065

9,0.04446049382716049,1.023312724111427,0.3629655875271838

10,0.13492839506172838,1.0773406397894276,0.3089376718491832

11,0.26523647586980914,1.096032465985325,0.29024584565328554

12,0.2991043209876543,1.0979464799242544,0.2883318317143562

13,0.25502668566001896,1.095212519129118,0.2910657925094929

14,0.151531569664903,1.0807011497252592,0.30557716191335155

Entropy(H):,0.6931391558193054,Lambda:,4.0


Combination 13
J1=1.0,J2=-0.1,H=0.0,R1=1.0,R2=9.0


Distance(L), Correlation(p), Joint Entropy(H_l), MutualInfo(I_l)

1,0.6441654320987653,1.0146092322674525,0.3490987222087587

2,0.4441654320987654,1.072772510441902,0.29093544403430927

3,0.19898024691358024,1.0731375288288914,0.29057042564732005

4,0.05569567901234568,1.0040028650315864,0.35970508944462487

5,0.2451679012345679,0.9078391551952714,0.4558687992809398

6,0.358241975308642,0.8307596280586684,0.5329483264175428

7,0.32369171075837744,0.8559967417774412,0.50771121269877

8,0.2168762345679012,0.9247294236109735,0.4389785308652375

9,0.058365432098765435,1.002917308867915,0.36079064560829616

10,0.13227654320987653,1.061625138918893,0.30208281555731814

11,0.2480038159371493,1.0785454339128,0.2851625205634112

12,0.2895358024691358,1.0810559281006746,0.28265202637553644

13,0.24284064577397912,1.0780994267180837,0.2856085277581275

14,0.13273686067019402,1.0617210998322948,0.30198685464391645

Entropy(H):,0.6818539772381056,Lambda:,4.0


Combination 14
J1=1.0,J2=-0.1,H=3.0,R1=1.0,R2=9.0


Distance(L), Correlation(p), Joint Entropy(H_l), MutualInfo(I_l)

1,0.5660271604938272,0.9603203795671583,0.31779745821815153

2,0.3563049382716049,1.013588775065616,0.2645290627196936

3,0.12306419753086419,1.0016578941731678,0.2764599436121421

4,0.07133395061728395,0.9403520753094387,0.3377657624758711

5,0.19263950617283954,0.8770534274620334,0.40106441032327644

6,0.2434172839506173,0.8437843882090383,0.4343334495762715

7,0.24952839506172841,0.8396545843048913,0.43846325348041854

8,0.1812645061728395,0.8838139989985847,0.39430383878672515

9,0.05199753086419755,0.9484806736344942,0.32963716415081556

10,0.09652716049382715,0.9960427347454155,0.2820751030398943

11,0.2004716049382716,1.0130510277913791,0.26506680999393073

12,0.23056419753086418,1.0155127554589556,0.26260508232635427

13,0.1871810066476733,1.0116489497061618,0.26646888807914804

14,0.09654303350970017,0.9960221326956955,0.2820957050896144

Entropy(H):,0.639058918892655,Lambda:,9.0


Combination 15
J1=1.0,J2=-0.1,H=6.0,R1=1.0,R2=9.0


Distance(L), Correlation(p), Joint Entropy(H_l), MutualInfo(I_l)

1,0.5717481481481481,0.9586470462705121,0.32022010816395086

2,0.35508148148148144,1.0143116945414665,0.2645554598929965

3,0.1297111111111111,1.0034525681193278,0.27541458631513527

4,0.06811296296296297,0.9422558692742484,0.3366112851602146

5,0.19636296296296296,0.8753372684414299,0.40352988599303313

6,0.2524185185185185,0.8380952360744456,0.4407719183600174

7,0.24658518518518519,0.8423182387579549,0.43654891567650816

8,0.16741851851851852,0.892344272402064,0.3865228820323989

9,0.03460987654320988,0.9558429537938116,0.3230242006406514

10,0.10380370370370369,0.9980976852750529,0.28076946915941015

11,0.19614208754208753,1.0130912549737139,0.2657758994607491

12,0.21424814814814813,1.0147503722574713,0.2641167821769917

13,0.16661994301994304,1.0093115775223285,0.2695555769121345

14,0.08178783068783069,0.9928726759367577,0.28599447849770543

Entropy(H):,0.6394335772172315,Lambda:,9.0


Combination 16
J1=1.0,J2=-0.1,H=-6.0,R1=1.0,R2=9.0


Distance(L), Correlation(p), Joint Entropy(H_l), MutualInfo(I_l)

1,0.6633222222222221,1.0296647617712034,0.35661848820404424

2,0.45332222222222224,1.0898930977139731,0.2963901522612746

3,0.20776666666666666,1.0896522942187314,0.2966309557565163

4,0.05001111111111112,1.0207117613514922,0.36557148862375555

5,0.2777888888888889,0.904281726831347,0.4820015231439009

6,0.38102962962962966,0.8329048937631047,0.553378356212143

7,0.34024920634920636,0.8620554644102723,0.5242277855649755

8,0.20015,0.9497454316446933,0.4365378183305545

9,0.04186296296296296,1.0302228401055187,0.356060409869729

10,0.15137777777777778,1.080312872191902,0.30597037778334574

11,0.26306969696969695,1.095871232269199,0.2904120177060488

12,0.2838777777777778,1.0968974333532049,0.2893858166220428

13,0.2298179487179487,1.091787409048054,0.2944958409271938

14,0.11820317460317462,1.072084504518647,0.31419874545660087

Entropy(H):,0.6931416249876239,Lambda:,6.5


Combination 17
J1=1.0,J2=-0.1,H=0.0,R1=1.0,R2=9.0


Distance(L), Correlation(p), Joint Entropy(H_l), MutualInfo(I_l)

1,0.7348839506172838,0.9863357002582862,0.3948380131588514

2,0.5940506172839506,1.0520024473096143,0.3291712661075234

3,0.38136543209876544,1.0931784528940767,0.28799526052306107

4,0.2021061728395062,1.0855909085842965,0.2955828048328411

5,0.02366172839506173,1.0349957732816852,0.34617794013545256

6,0.18409753086419753,0.9546901454702861,0.42648356794685166

7,0.37527477954144617,0.830528044807569,0.5506456686095687

8,0.4237966049382716,0.7936711629703239,0.5875025504468139

9,0.358079012345679,0.8456361398289138,0.5355375735882237

10,0.2500049382716049,0.917680426359331,0.4634932870578067

11,0.13142918069584736,0.9818370209249148,0.399336692492223

12,0.03548641975308642,1.0383890918342622,0.34278462158287554

13,0.1472343779677113,1.075241495862692,0.3059322175544458

14,0.29674902998236335,1.0913250456098464,0.2898486678072913

Entropy(H):,0.6905868567085689,Lambda:,5.0


Combination 18
J1=1.0,J2=-0.1,H=3.0,R1=1.0,R2=13.0


Distance(L), Correlation(p), Joint Entropy(H_l), MutualInfo(I_l)

1,0.7933320987654321,0.9538072388248646,0.43248588772610863

2,0.655832098765432,1.0329374517050471,0.3533556748459263

3,0.5033320987654321,1.0809083487803122,0.3053847777706611

4,0.33888765432098766,1.0981576639138886,0.2881354626370846

5,0.1783320987654321,1.0849057677333573,0.3013873588176159

6,0.042964197530864195,1.0467296084118538,0.3395635181391194

7,0.13738218694885362,0.9817317316258025,0.40456139492517074

8,0.255904012345679,0.9176443982770315,0.4686487282739417

9,0.3053716049382716,0.8864888832482909,0.4998042433026824

10,0.30683456790123453,0.8851497461508124,0.5011433804001608

11,0.2750012345679012,0.9052349367060739,0.48105818984489923

12,0.21722345679012348,0.9393703446112148,0.4469227819397584

13,0.13893285849952516,0.9802905919051652,0.4060025346458081

14,0.05936384479717813,1.0211878633246594,0.3651052632263139

Entropy(H):,0.6931465632754866,Lambda:,10.0


Combination 19
J1=1.0,J2=-0.1,H=0.0,R1=1.0,R2=14.0


Distance(L), Correlation(p), Joint Entropy(H_l), MutualInfo(I_l)

1,0.7957666666666667,0.9465615157765328,0.4354964976950639

2,0.6624333333333333,1.0256412529893055,0.3564167604822914

3,0.5272481481481481,1.0723686570826667,0.30968935638893

4,0.36243333333333333,1.0948795862012142,0.2871784272703827

5,0.2091,1.0872293073140544,0.2948287061575422

6,0.060581481481481486,1.0560920892875538,0.3259659241840429

7,0.09899523809523811,0.9976885721207935,0.3843694413508032

8,0.2282611111111111,0.93128605149377,0.4507719619778267

9,0.30127037037037036,0.8859301016506052,0.4961279118209916

10,0.3300666666666667,0.8664086091668137,0.5156494043047831

11,0.31307171717171717,0.8780439442105937,0.5040140692610029

12,0.2608537037037037,0.911759674467173,0.47029833900442375

13,0.19376324786324786,0.9507183695055,0.4313396439660966

14,0.1035984126984127,0.9956204652201535,0.38643754825144333

Entropy(H):,0.6910290067357983,Lambda:,6.0


Combination 20
J1=1.0,J2=-0.1,H=-3.0,R1=1.0,R2=14.0


Distance(L), Correlation(p), Joint Entropy(H_l), MutualInfo(I_l)

1,0.7832382716049382,0.9395709325462305,0.4299144897716026

2,0.6499049382716049,1.0180859099506137,0.35139951236721934

3,0.511016049382716,1.0650122111249791,0.304473211192854

4,0.3499049382716049,1.0856426409572901,0.28384278136054314

5,0.19657160493827164,1.0768035027456206,0.29268191957221235

6,0.04444197530864197,1.0430990072368023,0.3263864150810308

7,0.1018410934744268,0.9880370098064251,0.38144841251140793

8,0.21613672839506173,0.929295670015285,0.44018975230254803

9,0.28595925925925925,0.8862975327113476,0.4831878896064855

10,0.31420617283950614,0.8672870544301641,0.5021983678876689

11,0.3014586980920314,0.8759855550468132,0.49349986727101985

12,0.25384506172839505,0.9067663346504344,0.4627190876673987

13,0.18586429249762582,0.9462340364098034,0.42325138590802963

14,0.09699982363315698,0.990216397672641,0.3792690246451921

Entropy(H):,0.6847427111589165,Lambda:,6.0


Combination 21
J1=1.0,J2=-0.1,H=6.0,R1=1.0,R2=14.0


Distance(L), Correlation(p), Joint Entropy(H_l), MutualInfo(I_l)

1,0.7998395061728396,0.9488262687534519,0.43730759284645926

2,0.6665061728395061,1.0280875581178068,0.35804630348210437

3,0.5287283950617284,1.075667898640057,0.3104659629598542

4,0.36650617283950615,1.0978644365246204,0.28826942507529085

5,0.21317283950617283,1.0905928005301004,0.29554106106981065

6,0.0635432098765432,1.059614955505018,0.326518906094893

7,0.09539858906525574,1.001994315327703,0.3841395462722082

8,0.23120216049382716,0.9325049523947088,0.4536289092052024

9,0.3096666666666667,0.8835287628520734,0.5026050987478378

10,0.3316049382716049,0.8686294355308938,0.5175044260690174

11,0.31404938271604943,0.880595374391844,0.5055384872080672

12,0.26627160493827157,0.9114369291704176,0.4746969324294935

13,0.19400664767331435,0.9534320212436385,0.4327018403562726

14,0.10345414462081129,0.9983982021344504,0.3877356594654608

Entropy(H):,0.6930669307999556,Lambda:,6.0


Combination 22
J1=1.0,J2=-0.1,H=-1.0,R1=1.0,R2=14.0


Distance(L), Correlation(p), Joint Entropy(H_l), MutualInfo(I_l)

1,0.7915864197530864,0.954987982844627,0.4312261293933621

2,0.6493641975308642,1.0356203702670168,0.35059374197097243

3,0.48251234567901236,1.0850007276340423,0.3012133846039471

4,0.3238086419753087,1.0980927416847668,0.28812137055322257

5,0.16491975308641976,1.0827049540019538,0.30350915823603547

6,0.025379012345679013,1.0450832989131296,0.3411308133248596

7,0.12444532627865962,0.988160581795166,0.39805353044282327

8,0.23133024691358026,0.9318367354247554,0.45437737681323376

9,0.28551234567901235,0.8990298526066454,0.48718425963134393

10,0.2913024691358025,0.895372817952877,0.4908412942851122

11,0.26523176206509536,0.9116863554119472,0.47452775682604204

12,0.21271913580246912,0.9424195807203926,0.4437945315175966

13,0.13790075973409308,0.9815393787830903,0.4046747334548989

14,0.05745167548500882,1.020242522821248,0.3659715894167413

Entropy(H):,0.6931070561189946,Lambda:,8.0


Combination 23
J1=1.0,J2=-0.1,H=0.0,R1=3.0,R2=14.0


Distance(L), Correlation(p), Joint Entropy(H_l), MutualInfo(I_l)

1,0.0,0.0,0.0

2,0.0,0.0,0.0

3,0.0,0.0,0.0

4,0.0,0.0,0.0

5,0.0,0.0,0.0

6,0.0,0.0,0.0

7,0.0,0.0,0.0

8,0.0,0.0,0.0

9,0.0,0.0,0.0

10,0.0,0.0,0.0

11,0.0,0.0,0.0

12,0.0,0.0,0.0

13,0.0,0.0,0.0

14,0.0,0.0,0.0

Entropy(H):,0.0,Lambda:,1.0


Combination 24
J1=1.0,J2=-0.1,H=-1.0,R1=3.0,R2=5.0


Distance(L), Correlation(p), Joint Entropy(H_l), MutualInfo(I_l)

1,0.0,0.0,0.0

2,0.0,0.0,0.0

3,0.0,0.0,0.0

4,0.0,0.0,0.0

5,0.0,0.0,0.0

6,0.0,0.0,0.0

7,0.0,0.0,0.0

8,0.0,0.0,0.0

9,0.0,0.0,0.0

10,0.0,0.0,0.0

11,0.0,0.0,0.0

12,0.0,0.0,0.0

13,0.0,0.0,0.0

14,0.0,0.0,0.0

Entropy(H):,0.0,Lambda:,1.0


Combination 25
J1=1.0,J2=-0.1,H=-3.0,R1=3.0,R2=5.0


Distance(L), Correlation(p), Joint Entropy(H_l), MutualInfo(I_l)

1,0.7182617283950616,1.0012860266160981,0.3843810693351893

2,0.5202061728395062,1.077235429449793,0.30843166650149423

3,0.2912246913580247,1.0970917898309447,0.2885753061203426

4,0.08659506172839505,1.0654706921734136,0.3201964037778736

5,0.09340493827160494,1.0024416808814043,0.38322541506988306

6,0.21044197530864198,0.9439898048936356,0.44167729105765186

7,0.2520557319223986,0.919749258112474,0.4659178378388134

8,0.22222438271604938,0.937135186282096,0.4485319096691913

9,0.1472320987654321,0.9770087025178543,0.4086583934334331

10,0.05823827160493827,1.0170833525338006,0.3685837434174868

11,0.026551066217732885,1.0472177059240146,0.33844939002727276

12,0.08261358024691358,1.0644509979108354,0.32121609804045187

13,0.11108224121557456,1.07156547551152,0.3141016204397672

14,0.10738871252204586,1.0704345830406865,0.31523251291060084

Entropy(H):,0.6928335479756437,Lambda:,10.75


Combination 26
J1=1.0,J2=-0.1,H=0.0,R1=3.0,R2=9.0


Distance(L), Correlation(p), Joint Entropy(H_l), MutualInfo(I_l)

1,0.6517358024691358,0.9309900801524438,0.3599268015430425

2,0.46090246913580246,1.0067438422239787,0.2841730394715074

3,0.2554395061728395,1.0258664802055644,0.265050401489922

4,0.07131913580246912,0.9979257869681821,0.29299109472730417

5,0.08204197530864199,0.9436716395928535,0.3472452421026328

6,0.17807901234567902,0.8946524832173371,0.3962643984781491

7,0.2059626102292769,0.8782405451013331,0.4126763365941531

8,0.17354197530864202,0.897310541479858,0.3936063402156281

9,0.10851111111111113,0.9310191599810351,0.3598977217144511

10,0.03916172839506173,0.963019930761744,0.32789695093374216

11,0.045922109988776647,0.9861558008659193,0.30476108082956704

12,0.07349506172839504,0.9987448175309882,0.2921720641644981

13,0.08741956315289647,1.0025008873250705,0.28841599437041565

14,0.07713262786596119,0.9995361342070452,0.29138074748844095

Entropy(H):,0.6454584408477431,Lambda:,10.5


Combination 27
J1=1.0,J2=-0.1,H=3.0,R1=3.0,R2=9.0


Distance(L), Correlation(p), Joint Entropy(H_l), MutualInfo(I_l)

1,0.45037037037037037,0.6930917646178177,0.2804614959906593

2,0.3106481481481482,0.7620772009925867,0.2114760596158903

3,0.17592592592592593,0.7853018335270818,0.18825142708139514

4,0.053564814814814815,0.7742709031177581,0.19928235749071885

5,0.04296296296296296,0.7417583226081516,0.23179493800032547

6,0.09629629629629627,0.7114658050320539,0.2620874555764231

7,0.10859788359788358,0.7026064485754515,0.2709468120330256

8,0.0910185185185185,0.7150041268169897,0.25854913379148725

9,0.05604938271604938,0.7352567268213085,0.2382965337871686

10,0.0251641975308642,0.7528455718003619,0.22070768880811503

11,0.021050056116722796,0.764517436606027,0.20903582400245013

12,0.03791666666666668,0.7706733697361023,0.2028798908723748

13,0.044301994301994316,0.7725382818594397,0.20101497874903737

14,0.03806878306878307,0.771022888558956,0.202530372049521

Entropy(H):,0.48677663030423846,Lambda:,10.5


Combination 28
J1=1.0,J2=-0.1,H=6.0,R1=3.0,R2=9.0


Distance(L), Correlation(p), Joint Entropy(H_l), MutualInfo(I_l)

1,0.4531333333333333,0.6968099287698146,0.2817603939021146

2,0.3170222222222222,0.7646085592504237,0.2139617634215055

3,0.18239259259259255,0.7890798072767002,0.18949051539522896

4,0.06257777777777775,0.7799517834873662,0.19861853918456301

5,0.0339777777777778,0.7494704377532915,0.2290998849186378

6,0.08927407407407409,0.7194285666839306,0.2591417559879985

7,0.1033746031746032,0.7099605571387951,0.26860976553313404

8,0.08832500000000004,0.7207622249579209,0.2578080977140083

9,0.05803950617283954,0.7383912829542502,0.240179039717679

10,0.024311111111111144,0.7538954855347773,0.224674837137152

11,0.01620359147025814,0.7637339132538489,0.2148364094180804

12,0.021596913580246888,0.7683519514643762,0.21021837120755296

13,0.021180246913580197,0.7689839887121727,0.20958633395975657

14,0.014037389770723052,0.7667222680520596,0.21184805461986972

Entropy(H):,0.48928516133596467,Lambda:,9.25


Combination 29
J1=1.0,J2=-0.1,H=-6.0,R1=3.0,R2=9.0


Distance(L), Correlation(p), Joint Entropy(H_l), MutualInfo(I_l)

1,0.6663172839506173,0.9506983875488618,0.364930093006201

2,0.4757617283950617,1.025262742019259,0.2903657385358039

3,0.2618728395061728,1.0443819601880444,0.2712465203670184

4,0.07256728395061729,1.0149045553828584,0.30072392517220436

5,0.09423827160493828,0.9548063977503443,0.3608220828047185

6,0.20275679012345682,0.8980302383390453,0.4175982422160175

7,0.2359049382716049,0.8776392819174174,0.4379891986376455

8,0.1979188271604938,0.900653976973166,0.4149745035818969

9,0.12312716049382716,0.9407145102659161,0.3749139702891467

10,0.05121604938271606,0.9780237858635562,0.3376046946915066

11,0.03970089786756455,1.0048315535526928,0.3107969270023701

12,0.0935858024691358,1.0198230490872255,0.29580543146783717

13,0.11311215574548908,1.024807819257413,0.29082066129764966

14,0.10052363315696648,1.021975872199981,0.29365260835508195

Entropy(H):,0.6578142402775313,Lambda:,10.75


Combination 30
J1=1.0,J2=-0.1,H=-3.0,R1=3.0,R2=9.0


Distance(L), Correlation(p), Joint Entropy(H_l), MutualInfo(I_l)

1,0.796104938271605,0.9517544216292786,0.43453376663383203

2,0.6527716049382716,1.0341611341046972,0.3521270541584134

3,0.4961049382716049,1.0823320752398584,0.303956113023252

4,0.3345771604938272,1.0979716918286444,0.28831649643446605

5,0.17821604938271607,1.084827307112089,0.3014608811510216

6,0.03565185185185185,1.0485207162664953,0.33776747199661505

7,0.10770458553791887,0.996471995525314,0.3898161927377965

8,0.21618672839506173,0.9411619718399725,0.445126216423138

9,0.28019135802469136,0.9023857773499904,0.4839024109131202

10,0.29456172839506173,0.8929489681105189,0.4933392201525916

11,0.2756627384960718,0.9049190755591877,0.4813691127039228

12,0.2307932098765432,0.9320023332803146,0.45428585498279594

13,0.1591514719848053,0.9712005393886802,0.41508764887443034

14,0.07445061728395061,1.0106863720803805,0.37560181618273003

Entropy(H):,0.6931440941315553,Lambda:,6.0


Combination 31
J1=1.0,J2=-0.1,H=0.0,R1=3.0,R2=14.0


Distance(L), Correlation(p), Joint Entropy(H_l), MutualInfo(I_l)

1,0.787225925925926,0.9511281581083739,0.4296088668257894

2,0.6416703703703703,1.0332600779128287,0.34747694702133475

3,0.47907777777777777,1.0808571390864958,0.2998798858476676

4,0.3156981481481481,1.0938883218354924,0.28684870309867083

5,0.1607814814814815,1.0782352770416406,0.3025017478925228

6,0.026995061728395064,1.0432970104430541,0.3374400144911091

7,0.1034883597883598,0.9947382351465953,0.3859987897875681

8,0.20041296296296296,0.9459521899241927,0.4347848350099706

9,0.2580827160493827,0.9121500210901082,0.46858700384405516

10,0.2790518518518519,0.8988624123447144,0.4818746125894489

11,0.26247104377104374,0.9093121704151479,0.47142485451901533

12,0.2147648148148148,0.9377254193165898,0.44301160561757347

13,0.1490133903133903,0.9727518028601063,0.40798522207405696

14,0.0694010582010582,1.0093019413846835,0.37143508354947985

Entropy(H):,0.6903685124670816,Lambda:,6.0


Combination 32
J1=1.0,J2=-0.1,H=3.0,R1=3.0,R2=14.0


Distance(L), Correlation(p), Joint Entropy(H_l), MutualInfo(I_l)

1,0.7748901234567902,0.9398573545022552,0.42513750812357487

2,0.6368345679012345,1.019100198393418,0.34589466423241194

3,0.4830382716049383,1.0665845675065304,0.2984102951192994

4,0.32239012345679013,1.0822224351884964,0.28277242743733366

5,0.1684456790123457,1.0688730643340456,0.2961217982917844

6,0.03372592592592592,1.0335710977721948,0.3314237648536353

7,0.1100305114638448,0.9810472398586281,0.38394762276720185

8,0.21399876543209878,0.9270857948464908,0.4379090677793393

9,0.27134444444444444,0.892173875689936,0.4728209869358941

10,0.29010987654320985,0.8797855686968215,0.4852092939290086

11,0.26697856341189674,0.894506952594962,0.470487910030868

12,0.21335061728395063,0.9267033908398394,0.4382914717859906

13,0.14408423551756883,0.9636566008002949,0.40133826182553506

14,0.068694708994709,1.0009649138126202,0.36402994881320977

Entropy(H):,0.6824974313129151,Lambda:,8.0


Combination 33
J1=1.0,J2=-0.1,H=6.0,R1=3.0,R2=14.0


Distance(L), Correlation(p), Joint Entropy(H_l), MutualInfo(I_l)

1,0.7965987654320988,0.9506281350900874,0.4350426637388156

2,0.656320987654321,1.0320623065964156,0.35360849223248725

3,0.5025246913580247,1.0806556853223444,0.30501511350655874

4,0.34118209876543204,1.0976899358941767,0.2879808629347262

5,0.18693209876543213,1.0861021762254963,0.29956862260340666

6,0.04289506172839506,1.053049079593059,0.3326217192358441

7,0.09498853615520282,1.0018659683655415,0.3838048304633615

8,0.20749845679012344,0.9453819711557158,0.44028882767318717

9,0.27710493827160493,0.9037087187700683,0.4819620800588348

10,0.300179012345679,0.8889142467704698,0.4967565520584331

11,0.2843103254769922,0.8992610276775026,0.4864097711514005

12,0.23821604938271604,0.9276509622766266,0.4580198365522765

13,0.16972602089268754,0.9656838153209358,0.41998698350796715

14,0.08633774250440916,1.005505422002221,0.38016537682668206

Entropy(H):,0.6928353994144516,Lambda:,6.0


Combination 34
J1=1.0,J2=-0.1,H=-1.0,R1=3.0,R2=14.0


Distance(L), Correlation(p), Joint Entropy(H_l), MutualInfo(I_l)

1,0.7965666666666668,0.9513057080294368,0.4348886464227202

2,0.6579555555555556,1.0318077629184912,0.354386591533666

3,0.5104555555555556,1.0792701386671792,0.3069242157849779

4,0.3479555555555555,1.09782674319931,0.2883676112528469

5,0.19490000000000002,1.0875582806265909,0.29863607382556623

6,0.048881481481481484,1.0551486775267946,0.3310456769253624

7,0.09573492063492063,1.0018852223703745,0.3843091320817826

8,0.2166972222222222,0.9406191112641045,0.4455752431880525

9,0.29034691358024695,0.895663570637907,0.49053078381425

10,0.3112666666666667,0.8819097384071912,0.5042846160449657

11,0.29772626262626267,0.8910409066762545,0.49515344777590253

12,0.25306296296296293,0.9191612090208541,0.467033145431303

13,0.17967264957264958,0.9608487381027011,0.42534561634945595

14,0.09152857142857143,1.0035515086333695,0.38264284581878755

Entropy(H):,0.6930971772260786,Lambda:,6.0


Combination 35
J1=1.0,J2=-0.1,H=0.0,R1=3.0,R2=14.0


Distance(L), Correlation(p), Joint Entropy(H_l), MutualInfo(I_l)

1,0.528616049382716,0.5514037155860678,0.32511851026503236

2,0.47833827160493825,0.5976337557335358,0.27888847011756435

3,0.42472716049382714,0.6337747035866974,0.2427475222644028

4,0.36681049382716047,0.6618605051792804,0.2146617206718198

5,0.31228271604938274,0.6798619728029114,0.19666025304818885

6,0.25731975308641974,0.690971254511042,0.18555097134005816

7,0.20226684303350967,0.6956754371178226,0.18084678873327759

8,0.15035216049382713,0.6946604046130428,0.1818618212380574

9,0.10133209876543209,0.6891495028782033,0.1873727229728968

10,0.07542716049382713,0.6803407997099845,0.19618142614111567

11,0.0690685746352413,0.6695591428574675,0.20696308299363267

12,0.06131604938271604,0.657716461571988,0.21880576427911216

13,0.0650834757834758,0.6457309368978685,0.23079128895323156

14,0.07332839506172842,0.6346886324163342,0.2418335934347659

Entropy(H):,0.4382611129255501,Lambda:,9.25


Combination 36
J1=1.0,J2=-0.1,H=0.0,R1=4.0,R2=5.0


Distance(L), Correlation(p), Joint Entropy(H_l), MutualInfo(I_l)

1,0.8202691358024692,0.8535725487113854,0.4771029523994355

2,0.7261024691358025,0.9307461030070997,0.3999293981037213

3,0.6267506172839507,0.9868004073554791,0.34387509375534187

4,0.524158024691358,1.0246962219076425,0.30597927920317836

5,0.427158024691358,1.0454306624446046,0.28524483866621625

6,0.3317506172839506,1.053379066223941,0.27729643488687983

7,0.24447548500881833,1.050867769801235,0.2798077313095858

8,0.16728302469135803,1.0414782162387108,0.2891972848721101

9,0.10698271604938273,1.0282240125914708,0.30245148851934994

10,0.08138148148148149,1.0140299411008045,0.31664556001001654

11,0.07647744107744107,1.0009096929607446,0.32976580815007633

12,0.0678537037037037,0.9899803231500773,0.34069517796074367

13,0.06674377967711301,0.9812777258752574,0.3493977752355635

14,0.06814356261022927,0.9752364764883452,0.35543902462247573

Entropy(H):,0.6653377505554106,Lambda:,11.25


Combination 37
J1=1.0,J2=-0.1,H=0.0,R1=4.0,R2=7.0


Distance(L), Correlation(p), Joint Entropy(H_l), MutualInfo(I_l)

1,0.7649456790123457,0.9673272445463321,0.4139077349410472

2,0.6135567901234568,1.044818329486892,0.3364166500004875

3,0.43494567901234565,1.0881341135545508,0.2931008659328286

4,0.2605012345679012,1.0915568298362994,0.28967814965108013

5,0.09339012345679013,1.0637475700837302,0.3174874094036492

6,0.06135061728395062,1.0125551609606658,0.36867981852671367

7,0.19187971781305113,0.9505264365340742,0.4307085429533053

8,0.27172098765432096,0.9041056172067043,0.477129362280675

9,0.28684444444444446,0.8946310054134723,0.4866039740739071

10,0.24122098765432098,0.9227637861436626,0.4584711933437169

11,0.1635391694725028,0.9654583145610843,0.41577666492629517

12,0.07292469135802468,1.007301823271479,0.3739331562159003

13,0.04691339031339031,1.0409666932341188,0.34026828625326055

14,0.09788218694885362,1.063691263431158,0.3175437160562215

Entropy(H):,0.6906174897436896,Lambda:,11.0


Combination 38
J1=1.0,J2=-0.1,H=-1.0,R1=4.0,R2=12.0


Distance(L), Correlation(p), Joint Entropy(H_l), MutualInfo(I_l)

1,0.771858024691358,0.7405315211417913,0.4823928776511195

2,0.7124135802469136,0.8038381921482962,0.41908620664461466

3,0.6514876543209877,0.8532809655974543,0.36964343319545667

4,0.5890802469135803,0.8925427119797364,0.3303816868131746

5,0.5266358024691358,0.9227423005407297,0.30018209825218123

6,0.46454320987654324,0.9451789623035123,0.2777454364893987

7,0.40288977072310406,0.9608597030525508,0.26206469574036007

8,0.34185802469135806,0.9705066736334198,0.2524177251594911

9,0.28167283950617283,0.9746780747846077,0.24824632400830332

10,0.22213580246913578,0.9738290952623383,0.24909530353057263

11,0.16372671156004487,0.9683446244183214,0.2545797743745895

12,0.10658024691358023,0.9585640638121092,0.2643603349808017

13,0.05582060778727446,0.9449562274583054,0.2779681713346055

14,0.038935626102292786,0.9286923900548145,0.29423200873809646

Entropy(H):,0.6114621993964555,Lambda:,13.5


Combination 39
J1=1.0,J2=-0.1,H=0.0,R1=7.0,R2=14.0


Distance(L), Correlation(p), Joint Entropy(H_l), MutualInfo(I_l)

1,0.22826666666666665,0.20546338570368397,0.1382603415234027

2,0.21159999999999998,0.2235555977967083,0.12016812943037836

3,0.19493333333333332,0.2372811089108386,0.10644261831624807

4,0.17826666666666666,0.24798523465811267,0.09573849256897399

5,0.1616,0.2563258274952037,0.08739789973188294

6,0.14493333333333333,0.26269175349304813,0.08103197373403853

7,0.12794920634920634,0.2674102643747416,0.07631346285234508

8,0.11118333333333334,0.27049772480633866,0.073226002420748

9,0.09443950617283951,0.27215290664528785,0.07157082058179881

10,0.07771111111111112,0.272475065988348,0.07124866123873869

11,0.060993939393939385,0.2715363543030134,0.07218737292407323

12,0.044285185185185184,0.2693886903359803,0.07433503689110638

13,0.027582905982905984,0.26606793789025374,0.07765578933683293

14,0.011957142857142857,0.26191769556618305,0.08180603166090361

Entropy(H):,0.17186186361354333,Lambda:,4.25


Combination 40
J1=1.0,J2=-0.1,H=0.0,R1=7.0,R2=9.0


Distance(L), Correlation(p), Joint Entropy(H_l), MutualInfo(I_l)

1,0.576604938271605,0.5492097137213998,0.3650453991534997

2,0.5266049382716049,0.6028722216262158,0.3113828912486837

3,0.476604938271605,0.6425829377414484,0.2716721751334511

4,0.42660493827160495,0.6727302747763664,0.24152483809853306

5,0.37660493827160496,0.6953789842841451,0.2188761285907543

6,0.3266049382716049,0.7117121138773435,0.20254299899755604

7,0.2766049382716049,0.7224735706943716,0.19178154218052793

8,0.22660493827160494,0.7281496357149817,0.1861054771599177

9,0.17845679012345678,0.7291436306955781,0.1851114821793214

10,0.13493827160493826,0.7264715024333825,0.18778361044151695

11,0.0979685746352413,0.7215555908815254,0.192699521993374

12,0.0671604938271605,0.7155724553874426,0.19868265748745684

13,0.041134852801519475,0.7091752909214146,0.20507982195348481

14,0.018827160493827162,0.7027007711264461,0.21155434174845333

Entropy(H):,0.45712755643744973,Lambda:,10.75


Combination 41
J1=1.0,J2=-0.1,H=2.0,R1=7.0,R2=12.0


Distance(L), Correlation(p), Joint Entropy(H_l), MutualInfo(I_l)

1,0.4582666666666666,0.41183004366159803,0.27735533822239766

2,0.4249333333333333,0.44804707828590756,0.24113830359808813

3,0.39159999999999995,0.47553316188480466,0.213652219999191

4,0.3582666666666666,0.49697921380535054,0.19220616807864516

5,0.3249333333333333,0.513701274266801,0.17548410761719468

6,0.29159999999999997,0.5264774680119362,0.16270791387205946

7,0.257631746031746,0.5359637222494079,0.15322165963458778

8,0.2239611111111111,0.5422117252264089,0.14697365665758672

9,0.1904888888888889,0.5455680896317404,0.14361729225225528

10,0.15704444444444446,0.5462673637603728,0.14291801812362287

11,0.12362020202020202,0.5444538851046832,0.14473149677931257

12,0.0902111111111111,0.5402320933733984,0.14895328851059736

13,0.056899145299145304,0.5336943030471063,0.1554910788368894

14,0.024536507936507936,0.5251610727403,0.1640243091436957

Entropy(H):,0.34459269094199785,Lambda:,7.5


Combination 42
J1=1.0,J2=-0.1,H=0.0,R1=7.0,R2=12.0


Distance(L), Correlation(p), Joint Entropy(H_l), MutualInfo(I_l)

1,0.8589358024691358,0.7963002034601432,0.5243855545135865

2,0.7950469135802469,0.8643888938736282,0.45629686410010145

3,0.730046913580247,0.9170909469156676,0.4035948110580621

4,0.6633802469135802,0.9590032977777383,0.36168246019599154

5,0.5969358024691358,0.9911956931979999,0.32949006477572984

6,0.5307876543209876,1.015296061830906,0.3053896961428238

7,0.4643326278659612,1.0325100077209075,0.28817575025282227

8,0.39858858024691357,1.0433219323455485,0.2773638256281813

9,0.33338024691358026,1.0484018719130572,0.27228388606067266

10,0.26838024691358026,1.0481948515986064,0.2724909063751234

11,0.2043398428731762,1.043074782688234,0.27761097528549566

12,0.14115802469135802,1.0333831547895234,0.2873026031842065

13,0.07838024691358025,1.019267339062859,0.30141841891087073

14,0.03536278659611993,1.0018056450132677,0.31888011296046215

Entropy(H):,0.6603428789868648,Lambda:,13.75


Combination 43
J1=1.0,J2=-0.1,H=0.0,R1=7.0,R2=14.0


Distance(L), Correlation(p), Joint Entropy(H_l), MutualInfo(I_l)

1,0.6706432098765431,0.5978333525942513,0.4128268249518051

2,0.6206432098765432,0.6538449806484209,0.3568151968976355

3,0.5706432098765433,0.6959183828496901,0.3147417946963663

4,0.5206432098765432,0.7285555446880397,0.2821046328580167

5,0.4706432098765432,0.7538784460125864,0.25678173153347006

6,0.42064320987654324,0.7731179423954049,0.23754223515065154

7,0.3706432098765432,0.7870681808834805,0.22359199666257595

8,0.3206432098765432,0.7962742185998698,0.21438595894618662

9,0.2706432098765432,0.8011236200836094,0.20953655746244698

10,0.22064320987654318,0.801896154182982,0.20876402336307442

11,0.1706432098765432,0.7987926021932055,0.211867575352851

12,0.1220320987654321,0.7922237533017309,0.21843642424432552

13,0.0763269705603039,0.7829424406577916,0.2277177368882649

14,0.035325749559082895,0.7720498258008118,0.23861035174524464

Entropy(H):,0.5053300887730282,Lambda:,10.75


Combination 44
J1=1.0,J2=-0.1,H=0.0,R1=9.0,R2=14.0


Distance(L), Correlation(p), Joint Entropy(H_l), MutualInfo(I_l)

1,0.21503209876543208,0.19648852140662992,0.13269231830336536

2,0.19836543209876542,0.21468105241067,0.11449978729932528

3,0.18169876543209876,0.22834294420393134,0.10083789550606395

4,0.1650320987654321,0.23889873340424822,0.09028210630574707

5,0.14836543209876543,0.2470301370895172,0.08215070262047808

6,0.13169876543209874,0.2531346230052545,0.07604621670474077

7,0.11503209876543208,0.2574686409016981,0.07171219880829721

8,0.09836543209876542,0.26020738869617954,0.06897345101381575

9,0.08169876543209875,0.26147411045242536,0.06770672925756993

10,0.06503209876543209,0.2613559473876262,0.0678248923223691

11,0.04907250280583613,0.26000054082632607,0.06918029888366922

12,0.03419876543209876,0.2576739554494124,0.07150688426058288

13,0.02092953466286799,0.2547452211527816,0.0744356185572137

14,0.009555908289241619,0.25159706779354385,0.07758377191645144

Entropy(H):,0.16459041985499764,Lambda:,4.25


Combination 45
J1=1.0,J2=-0.1,H=0.0,R1=12.0,R2=14.0


Distance(L), Correlation(p), Joint Entropy(H_l), MutualInfo(I_l)

1,0.0,0.0,0.0

2,0.0,0.0,0.0

3,0.0,0.0,0.0

4,0.0,0.0,0.0

5,0.0,0.0,0.0

6,0.0,0.0,0.0

7,0.0,0.0,0.0

8,0.0,0.0,0.0

9,0.0,0.0,0.0

10,0.0,0.0,0.0

11,0.0,0.0,0.0

12,0.0,0.0,0.0

13,0.0,0.0,0.0

14,0.0,0.0,0.0

Entropy(H):,0.0,Lambda:,1.0


Combination 46
J1=1.0,J2=-0.1,H=0.0,R1=6.0,R2=9.0


Distance(L), Correlation(p), Joint Entropy(H_l), MutualInfo(I_l)

1,0.5596222222222222,0.6145045762060665,0.35561339282268606

2,0.5060111111111111,0.6648335550962232,0.30528441393252936

3,0.4420296296296296,0.708880605142669,0.26123736388608354

4,0.3792055555555556,0.7397511687048225,0.23036680032393003

5,0.31706666666666666,0.7607459552720941,0.20937201375665845

6,0.25425185185185184,0.7733265489170279,0.19679142011172457

7,0.1935904761904762,0.7780700972834586,0.19204787174529397

8,0.13406666666666667,0.7758603965144195,0.194257572514333

9,0.07591851851851852,0.7671899179380192,0.20292805109073342

10,0.04502839506172843,0.7528276798174591,0.21729028921129342

11,0.050518069584736265,0.7347613770401324,0.2353565919886202

12,0.06875740740740743,0.7166772109377111,0.25344075809104144

13,0.0990957264957265,0.7006743368154881,0.2694436322132645

14,0.12045714285714287,0.6887287310451975,0.28138923798355503

Entropy(H):,0.4850589845143763,Lambda:,10.75


Combination 47
J1=1.0,J2=-0.1,H=-1.0,R1=6.0,R2=12.0


Distance(L), Correlation(p), Joint Entropy(H_l), MutualInfo(I_l)

1,0.18006172839506174,0.1822658981283272,0.1131552250094641

2,0.16339506172839507,0.1988223811349339,0.0965987420028574

3,0.1467283950617284,0.21112130574323934,0.08429981739455195

4,0.12992283950617284,0.22045216907772144,0.07496895406006984

5,0.11228395061728394,0.22759982990573013,0.06782129323206115

6,0.09487654320987654,0.23239078731068702,0.06303033582710427

7,0.0778395061728395,0.23513875992661531,0.06028236321117597

8,0.060825617283950625,0.23611051368253583,0.05931060945525546

9,0.04512345679012346,0.2355084562315912,0.05991266690620009

10,0.03206172839506173,0.23393433869338842,0.061486784444402864

11,0.02177890011223345,0.23200978549952966,0.06341133763826162

12,0.013487654320987655,0.23001286296357443,0.06540826017421686

13,0.006642924976258312,0.22805907395737346,0.06736204918041783

14,9.74426807760144E-4,0.22622723704015502,0.06919388609763627

Entropy(H):,0.14771056156889564,Lambda:,4.25


Combination 48
J1=1.0,J2=-0.1,H=-3.0,R1=6.0,R2=12.0


Distance(L), Correlation(p), Joint Entropy(H_l), MutualInfo(I_l)

1,0.8163086419753086,0.8047944880025162,0.48991929257519695

2,0.747141975308642,0.8710520911757205,0.4236616894019927

3,0.6718641975308641,0.9248208595224626,0.36989292105525057

4,0.594503086419753,0.9657242983417298,0.3289894822359835

5,0.517641975308642,0.9949621889090043,0.2997515916687089

6,0.4407530864197531,1.0145511695654377,0.2801626110122756

7,0.36622927689594353,1.0253834182479815,0.2693303623297317

8,0.29130864197530865,1.0288333696557723,0.26588041092194115

9,0.21828395061728395,1.025465734032744,0.26924804654496914

10,0.14675308641975307,1.0159789627397056,0.2787348178380077

11,0.07762177328843996,1.0011395216673518,0.2935742589103616

12,0.023503703703703704,0.9828987001798257,0.3118150803978875

13,0.040058879392212726,0.9631854694534319,0.3315283111242814

14,0.08575485008818343,0.9439652135961749,0.3507485669815384

Entropy(H):,0.6473568902888567,Lambda:,12.5


